id;foto;foto_content_type;foto_url;nome;sexo;pelagem;temperamento;em_atendimento;data_nascimento
1;../fake-data/blob/hipster.png;image/png;Multi-channelled Licensed;grey Cambridgeshire;FEMEA;Centers;Factors;true;2020-02-26
2;../fake-data/blob/hipster.png;image/png;envisioneer Music Public-key;infomediaries;FEMEA;Salad;Digitized invoice;false;2020-02-26
3;../fake-data/blob/hipster.png;image/png;sky blue Georgia;Facilitator;FEMEA;archive Georgia Aruba;software scale interactive;true;2020-02-26
4;../fake-data/blob/hipster.png;image/png;Specialist Home Loan Account;Plastic;MACHO;24 hour;overriding;true;2020-02-26
5;../fake-data/blob/hipster.png;image/png;1080p Checking Account Identity;Frozen IB;MACHO;Lempira;pixel withdrawal;true;2020-02-26
6;../fake-data/blob/hipster.png;image/png;embrace Developer;synthesize Idaho compress;MACHO;red;withdrawal knowledge base Buckinghamshire;true;2020-02-26
7;../fake-data/blob/hipster.png;image/png;Investment Account;override User-centric;FEMEA;JSON;virtual deposit;true;2020-02-26
8;../fake-data/blob/hipster.png;image/png;mint green e-business EXE;back-end;FEMEA;Jewelery cutting-edge;Games;true;2020-02-26
9;../fake-data/blob/hipster.png;image/png;Bedfordshire Bahamian Dollar;24/7;MACHO;Tasty Concrete Chips Exclusive;Buckinghamshire capability zero tolerance;false;2020-02-26
10;../fake-data/blob/hipster.png;image/png;Analyst paradigms;encompassing;MACHO;Dominican Republic Credit Card Account Handmade;Ergonomic transmitter;false;2020-02-26
