id;nome;sobrenome;telefone_1;telefone_2;email;foto;foto_content_type;foto_url;cpf;sexo;data_cadastro
1;Fish;payment calculating;local area network Benin;turn-key dedicated;Lamar.Wiza48@gmail.com;../fake-data/blob/hipster.png;image/png;Investor users dot-com;North Dakota Cambridgeshire;MASCULINO;2020-02-26
2;Shoes deposit;Representative;Response Human;back up Factors;Hilario_Lueilwitz96@gmail.com;../fake-data/blob/hipster.png;image/png;SDD disintermediate reinvent;eco-centric Bedfordshire mesh;FEMININO;2020-02-26
3;orchid;Director Concrete Bedfordshire;portal calculating Metal;real-time discrete redundant;Deshaun_Streich@hotmail.com;../fake-data/blob/hipster.png;image/png;Avon;Auto Loan Account olive;FEMININO;2020-02-26
4;FTP Tools California;North Dakota Garden;Towels Specialist;Utah Computers Small Fresh Gloves;Kaitlyn52@yahoo.com;../fake-data/blob/hipster.png;image/png;compress lavender Investment Account;backing up;FEMININO;2020-02-26
5;Metal Frozen;Buckinghamshire alliance redundant;content;Gorgeous Electronics Brand;Hilario.Powlowski5@hotmail.com;../fake-data/blob/hipster.png;image/png;Corporate;Enterprise-wide Benin;FEMININO;2020-02-26
6;Jamaica Credit Card Account;Gorgeous Rubber Pants Cheese;Garden;Small;Alize_Hagenes70@gmail.com;../fake-data/blob/hipster.png;image/png;Bridge;connect;MASCULINO;2020-02-26
7;Web HTTP;implement;Optimization Cambridgeshire;payment Soap;Tyree.Nitzsche86@gmail.com;../fake-data/blob/hipster.png;image/png;invoice multi-byte;incubate deposit Station;FEMININO;2020-02-25
8;Dynamic black;yellow;Books Generic;robust withdrawal generate;Alba.Hayes28@hotmail.com;../fake-data/blob/hipster.png;image/png;Metal Rupiah;Accountability Handmade Cotton Bacon;FEMININO;2020-02-26
9;interface Cotton Robust;user-centric Infrastructure;Managed Dobra application;Fantastic;Kaden_Labadie@hotmail.com;../fake-data/blob/hipster.png;image/png;encoding Direct;Small Frozen Salad bypassing;FEMININO;2020-02-26
10;Borders Practical;methodical;Pakistan;parse;Osvaldo9@hotmail.com;../fake-data/blob/hipster.png;image/png;Cambridgeshire Tasty Rubber Car mindshare;Guam bandwidth Liaison;MASCULINO;2020-02-26
